{
    "version_1": {
        "NumGames": 10,
        "Stockfish": {
            "White": 0,
            "Black": 9,
            "Draw": 1,
            "MoveCounts": [
                36,
                74,
                90,
                70,
                86,
                144,
                56,
                108,
                44,
                52
            ],
            "AIMoveTimes": {
                "average": 0.0059648633003234865,
                "s": 0.000639989589012754,
                "n": 380,
                "confidence_interval": [
                    0.005900310023262054,
                    0.006029416577384919
                ]
            }
        },
        "Stockfish 1": {
            "White": 0,
            "Black": 10,
            "Draw": 0,
            "MoveCounts": [
                90,
                90,
                90,
                90,
                90,
                90,
                90,
                90,
                90,
                90
            ],
            "AIMoveTimes": {
                "average": 0.0061651786168416345,
                "s": 0.0006623322684120938,
                "n": 450,
                "confidence_interval": [
                    0.006103817960487445,
                    0.006226539273195824
                ]
            }
        },
        "Stockfish 2": {
            "White": 0,
            "Black": 10,
            "Draw": 0,
            "MoveCounts": [
                76,
                76,
                76,
                76,
                76,
                76,
                76,
                76,
                76,
                76
            ],
            "AIMoveTimes": {
                "average": 0.005942712332073011,
                "s": 0.000568978495223086,
                "n": 380,
                "confidence_interval": [
                    0.0058853216696705315,
                    0.00600010299447549
                ]
            }
        },
        "Worstfish": {
            "White": 0,
            "Black": 0,
            "Draw": 10,
            "MoveCounts": [
                144,
                144,
                144,
                144,
                144,
                144,
                144,
                144,
                144,
                144
            ],
            "AIMoveTimes": {
                "average": 0.006427535414695739,
                "s": 0.0008912074657342795,
                "n": 720,
                "confidence_interval": [
                    0.006362328696239117,
                    0.006492742133152362
                ]
            }
        },
        "Random": {
            "White": 7,
            "Black": 0,
            "Draw": 3,
            "MoveCounts": [
                31,
                63,
                87,
                103,
                61,
                29,
                33,
                83,
                67,
                33
            ],
            "AIMoveTimes": {
                "average": 0.006183609167734782,
                "s": 0.0005590215450434624,
                "n": 300,
                "confidence_interval": [
                    0.00612009399373813,
                    0.0062471243417314345
                ]
            }
        }
    }
}