{
    "version_1": {
        "NumGames": 10,
        "Stockfish": {
            "White": 0,
            "Black": 8,
            "Draw": 2,
            "MoveCounts": [
                182,
                184,
                72,
                212,
                62,
                275,
                48,
                74,
                435,
                66
            ],
            "AIMoveTimes": {
                "average": 0.008275427830130527,
                "s": 0.0037033884537019104,
                "n": 806,
                "confidence_interval": [
                    0.008019372807055879,
                    0.008531482853205175
                ]
            }
        },
        "Stockfish 1": {
            "White": 0,
            "Black": 0,
            "Draw": 10,
            "MoveCounts": [
                91,
                91,
                91,
                91,
                91,
                91,
                91,
                91,
                91,
                91
            ],
            "AIMoveTimes": {
                "average": 0.008013840861942458,
                "s": 0.001095348551741495,
                "n": 460,
                "confidence_interval": [
                    0.007913479120122923,
                    0.008114202603761993
                ]
            }
        },
        "Stockfish 2": {
            "White": 0,
            "Black": 10,
            "Draw": 0,
            "MoveCounts": [
                142,
                142,
                142,
                142,
                142,
                142,
                142,
                142,
                142,
                142
            ],
            "AIMoveTimes": {
                "average": 0.008153644749816035,
                "s": 0.0011578403207535303,
                "n": 710,
                "confidence_interval": [
                    0.008068332852521426,
                    0.008238956647110645
                ]
            }
        },
        "Worstfish": {
            "White": 0,
            "Black": 0,
            "Draw": 10,
            "MoveCounts": [
                154,
                154,
                154,
                154,
                154,
                154,
                154,
                154,
                154,
                154
            ],
            "AIMoveTimes": {
                "average": 0.008324873911869991,
                "s": 0.0009584087436362647,
                "n": 770,
                "confidence_interval": [
                    0.008257072682026535,
                    0.008392675141713447
                ]
            }
        },
        "Random": {
            "White": 6,
            "Black": 0,
            "Draw": 4,
            "MoveCounts": [
                408,
                147,
                87,
                89,
                89,
                281,
                85,
                27,
                63,
                23
            ],
            "AIMoveTimes": {
                "average": 0.008263917508839832,
                "s": 0.0011215533230969305,
                "n": 654,
                "confidence_interval": [
                    0.008177801310665493,
                    0.008350033707014171
                ]
            }
        }
    },
    "version_2": {
        "NumGames": 10,
        "Stockfish": {
            "White": 0,
            "Black": 10,
            "Draw": 0,
            "MoveCounts": [
                64,
                42,
                90,
                70,
                44,
                62,
                66,
                294,
                146,
                210
            ],
            "AIMoveTimes": {
                "average": 0.008532204172190498,
                "s": 0.0026330856182285025,
                "n": 544,
                "confidence_interval": [
                    0.008310444423195873,
                    0.008753963921185123
                ]
            }
        },
        "Stockfish 1": {
            "White": 0,
            "Black": 0,
            "Draw": 10,
            "MoveCounts": [
                91,
                91,
                91,
                91,
                91,
                91,
                91,
                91,
                91,
                91
            ],
            "AIMoveTimes": {
                "average": 0.009234397307686184,
                "s": 0.0029237979824568816,
                "n": 460,
                "confidence_interval": [
                    0.008966503167705553,
                    0.009502291447666815
                ]
            }
        },
        "Stockfish 2": {
            "White": 0,
            "Black": 10,
            "Draw": 0,
            "MoveCounts": [
                142,
                142,
                142,
                142,
                142,
                142,
                142,
                142,
                142,
                142
            ],
            "AIMoveTimes": {
                "average": 0.008723736145126988,
                "s": 0.003796519725861293,
                "n": 710,
                "confidence_interval": [
                    0.008444001284348563,
                    0.009003471005905412
                ]
            }
        },
        "Worstfish": {
            "White": 0,
            "Black": 0,
            "Draw": 10,
            "MoveCounts": [
                154,
                154,
                154,
                154,
                154,
                154,
                154,
                154,
                154,
                154
            ],
            "AIMoveTimes": {
                "average": 0.009130757505243475,
                "s": 0.0028155583594914597,
                "n": 770,
                "confidence_interval": [
                    0.008931574932320293,
                    0.009329940078166657
                ]
            }
        },
        "Random": {
            "White": 6,
            "Black": 0,
            "Draw": 4,
            "MoveCounts": [
                127,
                141,
                85,
                179,
                25,
                71,
                159,
                11,
                87,
                461
            ],
            "AIMoveTimes": {
                "average": 0.010738147746848498,
                "s": 0.005089418023810885,
                "n": 678,
                "confidence_interval": [
                    0.010354371151768663,
                    0.011121924341928333
                ]
            }
        }
    },
    "version_3": {
        "NumGames": 10,
        "Stockfish": {
            "White": 0,
            "Black": 10,
            "Draw": 0,
            "MoveCounts": [
                58,
                58,
                82,
                58,
                14,
                44,
                28,
                122,
                70,
                104
            ],
            "AIMoveTimes": {
                "average": 0.008256741078296052,
                "s": 0.0017266827803551876,
                "n": 319,
                "confidence_interval": [
                    0.008066536331727565,
                    0.008446945824864539
                ]
            }
        },
        "Stockfish 1": {
            "White": 0,
            "Black": 10,
            "Draw": 0,
            "MoveCounts": [
                48,
                48,
                48,
                48,
                48,
                48,
                48,
                48,
                48,
                48
            ],
            "AIMoveTimes": {
                "average": 0.007892935474713644,
                "s": 0.0012272736116950287,
                "n": 240,